{
    "camera": {
        "fieldOfView": 22.27373589884055,
        "from": [
            -6.925790786743164,
            -7.358891487121582,
            4.958309173583984
        ],
        "to": [
            -6.311620235443115,
            -6.707333087921143,
            4.51303768157959
        ],
        "up": [
            0.305420845746994,
            0.32401347160339355,
            0.8953956365585327
        ]
    },
    "output": {
        "resolution": [
            1920,
            1080
        ]
    },
    "surface": [
        "scene.obj"
    ],
    "directionalLights": [
        {
            "direction": [
                -0.8477510809898376,
                -0.5281023383140564,
                -0.04925491288304329
            ],
            "radiance": [
                0.41999995708465576,
                0.41999995708465576,
                0.41999995708465576
            ]
        }
    ],
    "pointLights": [
        {
            "location": [
                1.4452941417694092,
                -0.6489381790161133,
                2.0839672088623047
            ],
            "radiance": [
                31.830988618379067,
                13.435578297038633,
                3.671146841559555
            ]
        },
        {
            "location": [
                -1.8758609294891357,
                0.4588444232940674,
                0.015328407287597656
            ],
            "radiance": [
                28.64881744801243,
                25.08708446924118,
                31.830988618379067
            ]
        }
    ]
}